{
    "summary_statistics": {
        "id": {
            "count": 15.0,
            "mean": 89.66666666666667,
            "std": 5.789974915645967,
            "min": 81.0,
            "25%": 84.5,
            "50%": 90.0,
            "75%": 94.5,
            "max": 98.0
        }
    }
}